{"London Paddington": [51.5170856, -0.1775422], "London Kings Cross": [51.5260014, -0.125291], "Liverpool Lime Street": [53.4076085, -2.9775854], "London Euston": [51.528808, -0.1342549], "York": [53.9590555, -1.0815361], "Manchester Piccadilly": [53.4772197, -2.2301402], "Birmingham New Street": [52.4776459, -1.898694], "London St Pancras": [51.5334428, -0.1280587], "Oxford": [51.7520131, -1.2578499], "Reading": [51.4564242, -0.9700664], "Edinburgh Waverley": [55.9519018, -3.1904199], "Bristol Temple Meads": [51.4490991, -2.5804029], "Durham": [54.666667, -1.75], "Tamworth": [52.6345819, -1.6948438], "London Waterloo": [51.5028379, -0.112801], "Sheffield": [53.3806626, -1.4702278], "Wolverhampton": [52.5847651, -2.127567], "Leeds": [53.7974185, -1.5437941], "Stafford": [52.8063157, -2.1163818], "Doncaster": [53.5227681, -1.1335312], "Swindon": [51.5615327, -1.7854322], "Nottingham": [52.9534193, -1.1496461], "Peterborough": [52.5725769, -0.2427336], "Edinburgh": [55.9533456, -3.1883749], "Crewe": [53.0996153, -2.4414627], "Leicester": [52.6362, -1.1331969], "Nuneaton": [52.5246182, -1.4684488], "Didcot": [51.6056908, -1.2467923], "Coventry": [52.4081812, -1.510477], "Wakefield": [53.6829541, -1.4967286], "Cardiff Central": [51.4755495, -3.1797057], "Warrington": [53.3899497, -2.5943178]}